model,accuracy,precision,recall,F1
RF cv,0.8965527723735409,0.9194516511996497,0.8740458015267176,0.8960255580243738
XGB cv,0.5766164579280155,0.547694999265515,0.9923664122137404,0.70572245486506
RF Test,0.8949416342412452,0.9090909090909091,0.8547008547008547,0.8810572687224669
XGB test,0.5836575875486382,0.5225225225225225,0.9914529914529915,0.6843657817109144
